<?xml version="1.0" encoding="UTF-8"?>
<project-private xmlns="http://www.netbeans.org/ns/project-private/1">
    <editor-bookmarks xmlns="http://www.netbeans.org/ns/editor-bookmarks/2" lastBookmarkId="0"/>
    <open-files xmlns="http://www.netbeans.org/ns/projectui-open-files/2">
        <group>
            <file>file:/C:/Users/Scott/Documents/svn_nav6/crio/java/nav6/src/com/kauailabs/nav6/frc/IMU.java</file>
            <file>file:/C:/Users/Scott/Documents/svn_nav6/crio/java/nav6/src/com/kauailabs/nav6/frc/IMUAdvanced.java</file>
            <file>file:/C:/Users/Scott/Documents/svn_nav6/crio/java/nav6/src/com/kauailabs/nav6/IMUProtocol.java</file>
            <file>file:/C:/Users/Scott/Documents/svn_nav6/crio/java/nav6/src/com/kauailabs/nav6/frc/BufferingSerialPort.java</file>
        </group>
    </open-files>
</project-private>
