<?xml version="1.0" encoding="UTF-8"?>
<project-private xmlns="http://www.netbeans.org/ns/project-private/1">
    <editor-bookmarks xmlns="http://www.netbeans.org/ns/editor-bookmarks/2" lastBookmarkId="0"/>
    <open-files xmlns="http://www.netbeans.org/ns/projectui-open-files/2">
        <group>
            <file>file:/C:/Users/Scott/Documents/svn_nav6/crio/java/nav6SimpleRobotExample/nbproject/project.xml</file>
            <file>file:/C:/Users/Scott/Documents/svn_nav6/crio/java/nav6SimpleRobotExample/resources/META-INF/MANIFEST.MF</file>
            <file>file:/C:/Users/Scott/Documents/svn_nav6/crio/java/nav6SimpleRobotExample/BSD_License_for_WPILib_code.txt</file>
            <file>file:/C:/Users/Scott/Documents/svn_nav6/crio/java/nav6SimpleRobotExample/src/edu/wpi/first/wpilibj/templates/RobotTemplate.java</file>
            <file>file:/C:/Users/Scott/Documents/svn_nav6/crio/java/nav6SimpleRobotExample/build.xml</file>
            <file>file:/C:/Users/Scott/Documents/svn_nav6/crio/java/nav6SimpleRobotExample/build.properties</file>
            <file>file:/C:/Users/Scott/Documents/svn_nav6/crio/java/nav6SimpleRobotExample/readme.txt</file>
        </group>
    </open-files>
</project-private>
